english,spanish_sentence,POS,CEFR,family_size,frequency,english_example
business impact,El impacto del negocio justifica inversión,NOUN,B2,3,2306,Business impact justifies investment
business value,El valor de negocio justifica costos,NOUN,B2,3,4365,Business value justifies costs
benefit,Los beneficios del proyecto superan costos,NOUN,B1,3,4316,Project benefits exceed costs
build,Construir el entregable requiere recursos,VERB,B1,3,4400,Build deliverable requires resources
best practice,Las mejores prácticas mejoran eficiencia,NOUN,B2,2,3179,Best practices improve efficiency
bulletin,El boletín informa cambios del proyecto,NOUN,B2,1,1425,Bulletin informs project changes
business value,El valor de negocio justifica costos,NOUN,B2,3,4305,Business value justifies costs
business requirement,El requisito de negocio cambió alcance,NOUN,B2,6,2929,Business requirement changed scope
business value,El valor de negocio justifica costos,NOUN,B2,2,4351,Business value justifies costs
backlog,El backlog del sprint está priorizado,NOUN,B2,2,2384,Sprint backlog prioritized
buffer,El buffer de tiempo salvó el cronograma,NOUN,B2,2,2066,Time buffer saved schedule
breakdown,La descomposición de tareas se completó,NOUN,B2,4,3498,Work breakdown completed
buffer,El buffer de tiempo salvó el cronograma,NOUN,B2,3,2212,Time buffer saved schedule
business justification,La justificación del negocio es sólida,NOUN,C1,4,1027,Business justification is solid
balanced scorecard,El balanced scorecard mide KPIs,NOUN,C1,3,1273,Balanced scorecard tracks KPIs
business impact,El impacto del negocio justifica inversión,NOUN,B2,4,2456,Business impact justifies investment
breakdown,La descomposición de tareas se completó,NOUN,B2,2,3520,Work breakdown completed
bottleneck,El cuello de botella retrasó el entregable,NOUN,B2,3,2819,Bottleneck delayed deliverable
bid,La oferta fue presentada a tiempo,NOUN,B2,3,2071,Bid submitted on time
baseline,La línea base del proyecto fue aprobada,NOUN,B2,3,3021,Project baseline approved
business continuity,La continuidad del negocio es prioridad,NOUN,C1,3,1661,Business continuity is priority
buffer,El buffer de tiempo salvó el cronograma,NOUN,B2,2,2303,Time buffer saved schedule
brainstorm,Lluvia de ideas identificó riesgos,VERB,B2,2,2172,Brainstorm identified risks
business value,El valor de negocio justifica costos,NOUN,B2,3,4507,Business value justifies costs
bottom-up,La estimación bottom-up es detallada,ADJ,C1,3,1011,Bottom-up estimation detailed
blocker,El bloqueador impide el progreso,NOUN,B2,3,1760,Blocker preventing progress
business justification,La justificación del negocio es sólida,NOUN,C1,3,945,Business justification is solid
burn-down chart,El gráfico burn-down muestra progreso,NOUN,C1,3,1100,Burn-down chart shows progress
breakdown,La descomposición de tareas se completó,NOUN,B2,2,3622,Work breakdown completed
bid,La oferta fue presentada a tiempo,NOUN,B2,2,1957,Bid submitted on time
benefit,Los beneficios del proyecto superan costos,NOUN,B1,3,4519,Project benefits exceed costs
bulletin,El boletín informa cambios del proyecto,NOUN,B2,1,1347,Bulletin informs project changes
brainstorm,Lluvia de ideas identificó riesgos,VERB,B2,2,2196,Brainstorm identified risks
business requirement,El requisito de negocio cambió el alcance,NOUN,B2,4,3926,Business requirement changed scope
business process,El proceso de negocio se optimizó,NOUN,B2,4,3606,Business process optimized
business justification,La justificación del negocio es sólida,NOUN,C1,4,977,Business justification is solid
business need,La necesidad del negocio impulsa el proyecto,NOUN,B2,4,4017,Business need drives project
briefing,El briefing del proyecto fue claro,NOUN,B2,2,2941,Project briefing was clear
brainstorming,La sesión de lluvia de ideas generó soluciones,NOUN,B2,3,1780,Brainstorming generated solutions
bid,La oferta fue presentada a tiempo,NOUN,B2,3,2035,Bid submitted on time
breakdown,La descomposición de tareas se completó,NOUN,B2,3,3645,Work breakdown completed
bottleneck,El cuello de botella retrasó el entregable,NOUN,B2,2,2750,Bottleneck delayed deliverable
best practice,Las mejores prácticas mejoran eficiencia,NOUN,B2,4,3146,Best practices improve efficiency
business requirement,El requisito de negocio cambió el alcance,NOUN,B2,6,4066,Business requirement changed scope
balanced scorecard,El balanced scorecard mide KPIs,NOUN,C1,2,1414,Balanced scorecard tracks KPIs
business requirement,El requisito de negocio cambió alcance,NOUN,B2,6,2810,Business requirement changed scope
bid,La oferta fue presentada a tiempo,NOUN,B2,4,2088,Bid submitted on time
business objective,El objetivo de negocio mide éxito,NOUN,B2,5,2209,Business objective measures success
business value,El valor de negocio justifica costos,NOUN,B2,4,4460,Business value justifies costs
balanced scorecard,El balanced scorecard mide KPIs,NOUN,C1,2,1407,Balanced scorecard tracks KPIs
burn rate,La tasa de quema de fondos es crítica,NOUN,C1,3,1862,Burn rate becoming critical
breakdown,La descomposición de tareas se completó,NOUN,B2,3,3417,Work breakdown completed
business continuity,La continuidad del negocio es prioridad,NOUN,C1,4,1716,Business continuity is priority
bottleneck,El cuello de botella retrasó el entregable,NOUN,B2,3,2897,Bottleneck delayed deliverable
breakdown,La descomposición de tareas se completó,NOUN,B2,4,3418,Work breakdown completed
bottom-up,La estimación bottom-up es detallada,ADJ,C1,2,959,Bottom-up estimation detailed
briefing,El briefing del proyecto fue claro,NOUN,B2,2,2931,Project briefing was clear
bulletin,El boletín informa cambios del proyecto,NOUN,B2,1,1282,Bulletin informs project changes
benefit,Los beneficios del proyecto superan costos,NOUN,B1,4,4375,Project benefits exceed costs
business analysis,El análisis de negocio define requisitos,NOUN,B2,4,2966,Business analysis defines requirements
business analysis,El análisis de negocio define requisitos,NOUN,B2,5,2953,Business analysis defines requirements
best practice,Las mejores prácticas mejoran eficiencia,NOUN,B2,3,3049,Best practices improve efficiency
breakdown,La descomposición de tareas se completó,NOUN,B2,2,3467,Work breakdown completed
business impact,El impacto del negocio justifica inversión,NOUN,B2,3,2378,Business impact justifies investment
business need,La necesidad del negocio impulsa el proyecto,NOUN,B2,4,3937,Business need drives project
bottleneck,El cuello de botella retrasó el entregable,NOUN,B2,3,2931,Bottleneck delayed deliverable
build,Construir el entregable requiere recursos,VERB,B1,4,4356,Build deliverable requires resources
burn-down chart,El gráfico burn-down muestra progreso,NOUN,C1,4,1077,Burn-down chart shows progress
budget,El presupuesto del proyecto se excedió,NOUN,B1,4,4703,Project budget exceeded
business process,El proceso de negocio se optimizó,NOUN,B2,3,3424,Business process optimized
balanced scorecard,El balanced scorecard mide KPIs,NOUN,C1,3,1360,Balanced scorecard tracks KPIs
business analysis,El análisis de negocio define requisitos,NOUN,B2,4,3036,Business analysis defines requirements
brainstorming,La sesión de lluvia de ideas generó soluciones,NOUN,B2,2,1743,Brainstorming generated solutions
big picture,La visión general guía decisiones,NOUN,B2,4,2483,Big picture guides decisions
baseline,La línea base del proyecto fue aprobada,NOUN,B2,3,3058,Project baseline approved
business requirement,El requisito de negocio cambió el alcance,NOUN,B2,4,3972,Business requirement changed scope
business case,El caso de negocio justificó la inversión,NOUN,B2,5,3012,Business case justified investment
baseline,La línea base del proyecto fue aprobada,NOUN,B2,3,2834,Project baseline approved
business requirement,El requisito de negocio cambió el alcance,NOUN,B2,5,4024,Business requirement changed scope
business case,El caso de negocio justificó la inversión,NOUN,B2,4,2964,Business case justified investment
bulletin,El boletín informa cambios del proyecto,NOUN,B2,2,1389,Bulletin informs project changes
brainstorm,Lluvia de ideas identificó riesgos,VERB,B2,1,2281,Brainstorm identified risks
burn-down chart,El gráfico burn-down muestra progreso,NOUN,C1,3,1064,Burn-down chart shows progress
big picture,La visión general guía decisiones,NOUN,B2,4,2346,Big picture guides decisions
build,Construir el entregable requiere recursos,VERB,B1,5,4353,Build deliverable requires resources
business analysis,El análisis de negocio define requisitos,NOUN,B2,3,3186,Business analysis defines requirements
baseline,La línea base del proyecto fue aprobada,NOUN,B2,5,2936,Project baseline approved
brainstorm,Lluvia de ideas identificó riesgos,VERB,B2,3,2202,Brainstorm identified risks
bring forward,Se adelantó la reunión crítica,VERB,B2,2,1609,Critical meeting brought forward
backlog,El backlog del sprint está priorizado,NOUN,B2,3,2363,Sprint backlog prioritized
big picture,La visión general guía decisiones,NOUN,B2,3,2393,Big picture guides decisions
business process,El proceso de negocio se optimizó,NOUN,B2,4,3545,Business process optimized
benefit,Los beneficios del proyecto superan costos,NOUN,B1,3,4295,Project benefits exceed costs
briefing,El briefing del proyecto fue claro,NOUN,B2,3,2894,Project briefing was clear
best practice,Las mejores prácticas mejoran eficiencia,NOUN,B2,3,3059,Best practices improve efficiency
business justification,La justificación del negocio es sólida,NOUN,C1,4,1038,Business justification is solid
briefing,El briefing del proyecto fue claro,NOUN,B2,1,2942,Project briefing was clear
business continuity,La continuidad del negocio es prioridad,NOUN,C1,4,1656,Business continuity is priority
business need,La necesidad del negocio impulsa el proyecto,NOUN,B2,2,3976,Business need drives project
balanced scorecard,El balanced scorecard mide KPIs,NOUN,C1,4,1327,Balanced scorecard tracks KPIs
big picture,La visión general guía decisiones,NOUN,B2,2,2351,Big picture guides decisions
balanced scorecard,El balanced scorecard mide KPIs,NOUN,C1,2,1222,Balanced scorecard tracks KPIs
best practice,Las mejores prácticas mejoran eficiencia,NOUN,B2,2,3045,Best practices improve efficiency
briefing,El briefing del proyecto fue claro,NOUN,B2,1,2895,Project briefing was clear
burn-down chart,El gráfico burn-down muestra progreso,NOUN,C1,4,978,Burn-down chart shows progress
business process,El proceso de negocio se optimizó,NOUN,B2,5,3591,Business process optimized
business objective,El objetivo de negocio mide éxito,NOUN,B2,4,2225,Business objective measures success
burn-down chart,El gráfico burn-down muestra progreso,NOUN,C1,4,1078,Burn-down chart shows progress
benefit,Los beneficios del proyecto superan costos,NOUN,B1,5,4493,Project benefits exceed costs
business case,El caso de negocio justificó la inversión,NOUN,B2,4,3058,Business case justified investment
burn rate,La tasa de quema de fondos es crítica,NOUN,C1,3,1958,Burn rate becoming critical
best practice,Las mejores prácticas mejoran eficiencia,NOUN,B2,2,3099,Best practices improve efficiency
business requirement,El requisito de negocio cambió el alcance,NOUN,B2,4,4040,Business requirement changed scope
benefit,Los beneficios del proyecto superan costos,NOUN,B1,4,4491,Project benefits exceed costs
bottleneck,El cuello de botella retrasó el entregable,NOUN,B2,2,2949,Bottleneck delayed deliverable
business value,El valor de negocio justifica costos,NOUN,B2,3,4345,Business value justifies costs
business process,El proceso de negocio se optimizó,NOUN,B2,3,3551,Business process optimized
balanced scorecard,El balanced scorecard mide KPIs,NOUN,C1,4,1422,Balanced scorecard tracks KPIs
breakdown,La descomposición de tareas se completó,NOUN,B2,2,3481,Work breakdown completed
bulletin,El boletín informa cambios del proyecto,NOUN,B2,2,1192,Bulletin informs project changes
brainstorm,Lluvia de ideas identificó riesgos,VERB,B2,3,2132,Brainstorm identified risks
buffer,El buffer de tiempo salvó el cronograma,NOUN,B2,3,2244,Time buffer saved schedule
blocker,El bloqueador impide el progreso,NOUN,B2,1,1839,Blocker preventing progress
breakdown,La descomposición de tareas se completó,NOUN,B2,3,3550,Work breakdown completed
bring forward,Se adelantó la reunión crítica,VERB,B2,2,1722,Critical meeting brought forward
bottom-up,La estimación bottom-up es detallada,ADJ,C1,3,943,Bottom-up estimation detailed
backlog,El backlog del sprint está priorizado,NOUN,B2,2,2468,Sprint backlog prioritized
backlog,El backlog del sprint está priorizado,NOUN,B2,2,2435,Sprint backlog prioritized
business value,El valor de negocio justifica costos,NOUN,B2,3,4438,Business value justifies costs
bottom-up,La estimación bottom-up es detallada,ADJ,C1,2,1106,Bottom-up estimation detailed
breakdown,La descomposición de tareas se completó,NOUN,B2,4,3542,Work breakdown completed
big picture,La visión general guía decisiones,NOUN,B2,2,2472,Big picture guides decisions
briefing,El briefing del proyecto fue claro,NOUN,B2,1,2741,Project briefing was clear
burn-down chart,El gráfico burn-down muestra progreso,NOUN,C1,2,1058,Burn-down chart shows progress
burn-down chart,El gráfico burn-down muestra progreso,NOUN,C1,4,1130,Burn-down chart shows progress
benefit,Los beneficios del proyecto superan costos,NOUN,B1,5,4275,Project benefits exceed costs
benefit,Los beneficios del proyecto superan costos,NOUN,B1,4,4299,Project benefits exceed costs
bulletin,El boletín informa cambios del proyecto,NOUN,B2,2,1348,Bulletin informs project changes
build,Construir el entregable requiere recursos,VERB,B1,4,4436,Build deliverable requires resources
business justification,La justificación del negocio es sólida,NOUN,C1,3,908,Business justification is solid
business continuity,La continuidad del negocio es prioridad,NOUN,C1,3,1739,Business continuity is priority
best practice,Las mejores prácticas mejoran eficiencia,NOUN,B2,3,3176,Best practices improve efficiency
brainstorming,La sesión de lluvia de ideas generó soluciones,NOUN,B2,1,1712,Brainstorming generated solutions
business justification,La justificación del negocio es sólida,NOUN,C1,4,890,Business justification is solid
business justification,La justificación del negocio es sólida,NOUN,C1,5,911,Business justification is solid
business case,El caso de negocio justificó la inversión,NOUN,B2,4,3180,Business case justified investment
bottom-up,La estimación bottom-up es detallada,ADJ,C1,3,1081,Bottom-up estimation detailed
business justification,La justificación del negocio es sólida,NOUN,C1,3,896,Business justification is solid
bottom-up,La estimación bottom-up es detallada,ADJ,C1,2,1153,Bottom-up estimation detailed
business requirement,El requisito de negocio cambió alcance,NOUN,B2,4,2759,Business requirement changed scope
benchmark,El benchmark establece estándares,NOUN,B2,3,1957,Benchmark sets standards
business requirement,El requisito de negocio cambió el alcance,NOUN,B2,6,3861,Business requirement changed scope
baseline,La línea base del proyecto fue aprobada,NOUN,B2,5,2895,Project baseline approved
brainstorm,Lluvia de ideas identificó riesgos,VERB,B2,1,2217,Brainstorm identified risks
business analysis,El análisis de negocio define requisitos,NOUN,B2,3,2955,Business analysis defines requirements
bring forward,Se adelantó la reunión crítica,VERB,B2,2,1681,Critical meeting brought forward
business analysis,El análisis de negocio define requisitos,NOUN,B2,3,3044,Business analysis defines requirements
bottom-up,La estimación bottom-up es detallada,ADJ,C1,3,1118,Bottom-up estimation detailed
bid,La oferta fue presentada a tiempo,NOUN,B2,4,2103,Bid submitted on time
baseline,La línea base del proyecto fue aprobada,NOUN,B2,4,2916,Project baseline approved
blocker,El bloqueador impide el progreso,NOUN,B2,2,1805,Blocker preventing progress
benefit,Los beneficios del proyecto superan costos,NOUN,B1,3,4360,Project benefits exceed costs
benchmark,El benchmark establece estándares,NOUN,B2,3,1844,Benchmark sets standards
business need,La necesidad del negocio impulsa el proyecto,NOUN,B2,4,3864,Business need drives project
bid,La oferta fue presentada a tiempo,NOUN,B2,4,2062,Bid submitted on time
business value,El valor de negocio justifica costos,NOUN,B2,3,4465,Business value justifies costs
burn-down chart,El gráfico burn-down muestra progreso,NOUN,C1,3,1109,Burn-down chart shows progress
bring forward,Se adelantó la reunión crítica,VERB,B2,4,1633,Critical meeting brought forward
bottleneck,El cuello de botella retrasó el entregable,NOUN,B2,3,2956,Bottleneck delayed deliverable
business requirement,El requisito de negocio cambió alcance,NOUN,B2,6,2934,Business requirement changed scope
backlog,El backlog del sprint está priorizado,NOUN,B2,3,2420,Sprint backlog prioritized
bottom-up,La estimación bottom-up es detallada,ADJ,C1,3,994,Bottom-up estimation detailed
balanced scorecard,El balanced scorecard mide KPIs,NOUN,C1,4,1331,Balanced scorecard tracks KPIs
backlog,El backlog del sprint está priorizado,NOUN,B2,2,2514,Sprint backlog prioritized
business justification,La justificación del negocio es sólida,NOUN,C1,3,1025,Business justification is solid
blocker,El bloqueador impide el progreso,NOUN,B2,2,1664,Blocker preventing progress
baseline,La línea base del proyecto fue aprobada,NOUN,B2,5,2952,Project baseline approved
bottom-up,La estimación bottom-up es detallada,ADJ,C1,3,1041,Bottom-up estimation detailed
business case,El caso de negocio justificó la inversión,NOUN,B2,3,3103,Business case justified investment
blocker,El bloqueador impide el progreso,NOUN,B2,2,1604,Blocker preventing progress
buffer,El buffer de tiempo salvó el cronograma,NOUN,B2,1,2189,Time buffer saved schedule
business justification,La justificación del negocio es sólida,NOUN,C1,3,1030,Business justification is solid
business requirement,El requisito de negocio cambió el alcance,NOUN,B2,4,3917,Business requirement changed scope
baseline,La línea base del proyecto fue aprobada,NOUN,B2,3,3015,Project baseline approved
benchmark,El benchmark establece estándares,NOUN,B2,3,2074,Benchmark sets standards
business objective,El objetivo de negocio mide éxito,NOUN,B2,5,2249,Business objective measures success
business requirement,El requisito de negocio cambió el alcance,NOUN,B2,4,3938,Business requirement changed scope
burn-down chart,El gráfico burn-down muestra progreso,NOUN,C1,3,1089,Burn-down chart shows progress
business impact,El impacto del negocio justifica inversión,NOUN,B2,3,2350,Business impact justifies investment
bid,La oferta fue presentada a tiempo,NOUN,B2,3,2097,Bid submitted on time
blocker,El bloqueador impide el progreso,NOUN,B2,2,1769,Blocker preventing progress
build,Construir el entregable requiere recursos,VERB,B1,3,4387,Build deliverable requires resources
brainstorming,La sesión de lluvia de ideas generó soluciones,NOUN,B2,3,1737,Brainstorming generated solutions
burn rate,La tasa de quema de fondos es crítica,NOUN,C1,2,1883,Burn rate becoming critical
business continuity,La continuidad del negocio es prioridad,NOUN,C1,3,1647,Business continuity is priority
burn rate,La tasa de quema de fondos es crítica,NOUN,C1,2,1998,Burn rate becoming critical
briefing,El briefing del proyecto fue claro,NOUN,B2,2,2874,Project briefing was clear
big picture,La visión general guía decisiones,NOUN,B2,2,2467,Big picture guides decisions
business requirement,El requisito de negocio cambió el alcance,NOUN,B2,6,3886,Business requirement changed scope
buffer,El buffer de tiempo salvó el cronograma,NOUN,B2,3,2105,Time buffer saved schedule
best practice,Las mejores prácticas mejoran eficiencia,NOUN,B2,2,3085,Best practices improve efficiency
bid,La oferta fue presentada a tiempo,NOUN,B2,4,2016,Bid submitted on time
balanced scorecard,El balanced scorecard mide KPIs,NOUN,C1,2,1301,Balanced scorecard tracks KPIs
business objective,El objetivo de negocio mide éxito,NOUN,B2,3,2271,Business objective measures success
business process,El proceso de negocio se optimizó,NOUN,B2,3,3608,Business process optimized
brainstorming,La sesión de lluvia de ideas generó soluciones,NOUN,B2,3,1832,Brainstorming generated solutions
business analysis,El análisis de negocio define requisitos,NOUN,B2,3,3100,Business analysis defines requirements
brainstorm,Lluvia de ideas identificó riesgos,VERB,B2,2,2285,Brainstorm identified risks
business justification,La justificación del negocio es sólida,NOUN,C1,5,972,Business justification is solid
benchmark,El benchmark establece estándares,NOUN,B2,3,1845,Benchmark sets standards
brainstorming,La sesión de lluvia de ideas generó soluciones,NOUN,B2,3,1788,Brainstorming generated solutions
bottom-up,La estimación bottom-up es detallada,ADJ,C1,3,1082,Bottom-up estimation detailed
budget,El presupuesto del proyecto se excedió,NOUN,B1,5,4563,Project budget exceeded
blocker,El bloqueador impide el progreso,NOUN,B2,3,1836,Blocker preventing progress
business case,El caso de negocio justificó la inversión,NOUN,B2,5,2985,Business case justified investment
burn-down chart,El gráfico burn-down muestra progreso,NOUN,C1,2,950,Burn-down chart shows progress
benchmark,El benchmark establece estándares,NOUN,B2,3,1968,Benchmark sets standards
burn rate,La tasa de quema de fondos es crítica,NOUN,C1,2,1984,Burn rate becoming critical
backlog,El backlog del sprint está priorizado,NOUN,B2,3,2295,Sprint backlog prioritized
business need,La necesidad del negocio impulsa el proyecto,NOUN,B2,3,3942,Business need drives project
big picture,La visión general guía decisiones,NOUN,B2,3,2348,Big picture guides decisions
buffer,El buffer de tiempo salvó el cronograma,NOUN,B2,3,2176,Time buffer saved schedule
burn rate,La tasa de quema de fondos es crítica,NOUN,C1,3,1828,Burn rate becoming critical
best practice,Las mejores prácticas mejoran eficiencia,NOUN,B2,3,3080,Best practices improve efficiency
business impact,El impacto del negocio justifica inversión,NOUN,B2,3,2509,Business impact justifies investment
bring forward,Se adelantó la reunión crítica,VERB,B2,4,1677,Critical meeting brought forward
bottom-up,La estimación bottom-up es detallada,ADJ,C1,2,1139,Bottom-up estimation detailed
bulletin,El boletín informa cambios del proyecto,NOUN,B2,1,1195,Bulletin informs project changes
budget,El presupuesto del proyecto se excedió,NOUN,B1,5,4590,Project budget exceeded
bring forward,Se adelantó la reunión crítica,VERB,B2,3,1716,Critical meeting brought forward
bottom-up,La estimación bottom-up es detallada,ADJ,C1,1,952,Bottom-up estimation detailed
burn rate,La tasa de quema de fondos es crítica,NOUN,C1,1,2025,Burn rate becoming critical
baseline,La línea base del proyecto fue aprobada,NOUN,B2,5,2927,Project baseline approved
business requirement,El requisito de negocio cambió alcance,NOUN,B2,6,2918,Business requirement changed scope
budget,El presupuesto del proyecto se excedió,NOUN,B1,4,4668,Project budget exceeded
backlog,El backlog del sprint está priorizado,NOUN,B2,2,2450,Sprint backlog prioritized
bottleneck,El cuello de botella retrasó el entregable,NOUN,B2,3,2831,Bottleneck delayed deliverable
business value,El valor de negocio justifica costos,NOUN,B2,3,4278,Business value justifies costs
brainstorm,Lluvia de ideas identificó riesgos,VERB,B2,1,2180,Brainstorm identified risks
bid,La oferta fue presentada a tiempo,NOUN,B2,4,2028,Bid submitted on time
bring forward,Se adelantó la reunión crítica,VERB,B2,3,1656,Critical meeting brought forward
budget,El presupuesto del proyecto se excedió,NOUN,B1,4,4606,Project budget exceeded
business impact,El impacto del negocio justifica inversión,NOUN,B2,3,2430,Business impact justifies investment
business case,El caso de negocio justificó la inversión,NOUN,B2,5,3122,Business case justified investment
benchmark,El benchmark establece estándares,NOUN,B2,1,1885,Benchmark sets standards
business process,El proceso de negocio se optimizó,NOUN,B2,4,3583,Business process optimized
business continuity,La continuidad del negocio es prioridad,NOUN,C1,3,1631,Business continuity is priority
bid,La oferta fue presentada a tiempo,NOUN,B2,3,2156,Bid submitted on time
business continuity,La continuidad del negocio es prioridad,NOUN,C1,5,1704,Business continuity is priority
backlog,El backlog del sprint está priorizado,NOUN,B2,4,2335,Sprint backlog prioritized
balanced scorecard,El balanced scorecard mide KPIs,NOUN,C1,2,1411,Balanced scorecard tracks KPIs
business case,El caso de negocio justificó la inversión,NOUN,B2,4,3128,Business case justified investment
briefing,El briefing del proyecto fue claro,NOUN,B2,1,2869,Project briefing was clear
business impact,El impacto del negocio justifica inversión,NOUN,B2,2,2540,Business impact justifies investment
business case,El caso de negocio justificó la inversión,NOUN,B2,4,3127,Business case justified investment
business requirement,El requisito de negocio cambió alcance,NOUN,B2,5,2859,Business requirement changed scope
bid,La oferta fue presentada a tiempo,NOUN,B2,3,2137,Bid submitted on time
bulletin,El boletín informa cambios del proyecto,NOUN,B2,3,1344,Bulletin informs project changes
burn rate,La tasa de quema de fondos es crítica,NOUN,C1,1,2070,Burn rate becoming critical
business impact,El impacto del negocio justifica inversión,NOUN,B2,2,2506,Business impact justifies investment
balanced scorecard,El balanced scorecard mide KPIs,NOUN,C1,4,1388,Balanced scorecard tracks KPIs
buffer,El buffer de tiempo salvó el cronograma,NOUN,B2,2,2278,Time buffer saved schedule
bottleneck,El cuello de botella retrasó el entregable,NOUN,B2,3,2954,Bottleneck delayed deliverable
business requirement,El requisito de negocio cambió alcance,NOUN,B2,6,2871,Business requirement changed scope
build,Construir el entregable requiere recursos,VERB,B1,5,4411,Build deliverable requires resources
brainstorm,Lluvia de ideas identificó riesgos,VERB,B2,1,2104,Brainstorm identified risks
buffer,El buffer de tiempo salvó el cronograma,NOUN,B2,3,2093,Time buffer saved schedule
backlog,El backlog del sprint está priorizado,NOUN,B2,2,2428,Sprint backlog prioritized
burn rate,La tasa de quema de fondos es crítica,NOUN,C1,1,1907,Burn rate becoming critical
baseline,La línea base del proyecto fue aprobada,NOUN,B2,3,2940,Project baseline approved
buffer,El buffer de tiempo salvó el cronograma,NOUN,B2,2,2255,Time buffer saved schedule
benchmark,El benchmark establece estándares,NOUN,B2,1,1872,Benchmark sets standards
bulletin,El boletín informa cambios del proyecto,NOUN,B2,1,1336,Bulletin informs project changes
big picture,La visión general guía decisiones,NOUN,B2,3,2488,Big picture guides decisions
backlog,El backlog del sprint está priorizado,NOUN,B2,2,2304,Sprint backlog prioritized
burn rate,La tasa de quema de fondos es crítica,NOUN,C1,3,1881,Burn rate becoming critical
business analysis,El análisis de negocio define requisitos,NOUN,B2,5,2966,Business analysis defines requirements
business objective,El objetivo de negocio mide éxito,NOUN,B2,3,2300,Business objective measures success
business process,El proceso de negocio se optimizó,NOUN,B2,4,3514,Business process optimized
business requirement,El requisito de negocio cambió el alcance,NOUN,B2,6,3830,Business requirement changed scope
bottleneck,El cuello de botella retrasó el entregable,NOUN,B2,2,2833,Bottleneck delayed deliverable
business continuity,La continuidad del negocio es prioridad,NOUN,C1,4,1851,Business continuity is priority
business requirement,El requisito de negocio cambió alcance,NOUN,B2,6,2747,Business requirement changed scope
business continuity,La continuidad del negocio es prioridad,NOUN,C1,4,1721,Business continuity is priority
buffer,El buffer de tiempo salvó el cronograma,NOUN,B2,3,2123,Time buffer saved schedule
burn-down chart,El gráfico burn-down muestra progreso,NOUN,C1,3,1082,Burn-down chart shows progress
brainstorm,Lluvia de ideas identificó riesgos,VERB,B2,3,2282,Brainstorm identified risks
burn rate,La tasa de quema de fondos es crítica,NOUN,C1,1,2064,Burn rate becoming critical
big picture,La visión general guía decisiones,NOUN,B2,4,2471,Big picture guides decisions
business need,La necesidad del negocio impulsa el proyecto,NOUN,B2,4,3836,Business need drives project
bid,La oferta fue presentada a tiempo,NOUN,B2,4,2021,Bid submitted on time
business requirement,El requisito de negocio cambió el alcance,NOUN,B2,6,3851,Business requirement changed scope
build,Construir el entregable requiere recursos,VERB,B1,4,4333,Build deliverable requires resources
business impact,El impacto del negocio justifica inversión,NOUN,B2,2,2511,Business impact justifies investment
blocker,El bloqueador impide el progreso,NOUN,B2,3,1689,Blocker preventing progress
business impact,El impacto del negocio justifica inversión,NOUN,B2,3,2353,Business impact justifies investment
business analysis,El análisis de negocio define requisitos,NOUN,B2,3,2963,Business analysis defines requirements
business continuity,La continuidad del negocio es prioridad,NOUN,C1,3,1780,Business continuity is priority
bulletin,El boletín informa cambios del proyecto,NOUN,B2,1,1388,Bulletin informs project changes
build,Construir el entregable requiere recursos,VERB,B1,3,4431,Build deliverable requires resources
business process,El proceso de negocio se optimizó,NOUN,B2,5,3503,Business process optimized
brainstorm,Lluvia de ideas identificó riesgos,VERB,B2,3,2163,Brainstorm identified risks
bottleneck,El cuello de botella retrasó el entregable,NOUN,B2,2,2813,Bottleneck delayed deliverable
briefing,El briefing del proyecto fue claro,NOUN,B2,2,2843,Project briefing was clear
benefit,Los beneficios del proyecto superan costos,NOUN,B1,4,4419,Project benefits exceed costs
buffer,El buffer de tiempo salvó el cronograma,NOUN,B2,1,2298,Time buffer saved schedule
breakdown,La descomposición de tareas se completó,NOUN,B2,2,3460,Work breakdown completed
benchmark,El benchmark establece estándares,NOUN,B2,3,1831,Benchmark sets standards
business process,El proceso de negocio se optimizó,NOUN,B2,3,3625,Business process optimized
business justification,La justificación del negocio es sólida,NOUN,C1,3,1034,Business justification is solid
business requirement,El requisito de negocio cambió alcance,NOUN,B2,4,2911,Business requirement changed scope
best practice,Las mejores prácticas mejoran eficiencia,NOUN,B2,3,3031,Best practices improve efficiency
benchmark,El benchmark establece estándares,NOUN,B2,2,1958,Benchmark sets standards
business requirement,El requisito de negocio cambió el alcance,NOUN,B2,6,3927,Business requirement changed scope
business process,El proceso de negocio se optimizó,NOUN,B2,3,3408,Business process optimized
budget,El presupuesto del proyecto se excedió,NOUN,B1,4,4697,Project budget exceeded
bottom-up,La estimación bottom-up es detallada,ADJ,C1,3,959,Bottom-up estimation detailed
briefing,El briefing del proyecto fue claro,NOUN,B2,1,2943,Project briefing was clear
bring forward,Se adelantó la reunión crítica,VERB,B2,2,1545,Critical meeting brought forward
breakdown,La descomposición de tareas se completó,NOUN,B2,3,3570,Work breakdown completed
big picture,La visión general guía decisiones,NOUN,B2,4,2496,Big picture guides decisions
budget,El presupuesto del proyecto se excedió,NOUN,B1,6,4718,Project budget exceeded
business value,El valor de negocio justifica costos,NOUN,B2,4,4353,Business value justifies costs
bring forward,Se adelantó la reunión crítica,VERB,B2,4,1637,Critical meeting brought forward
burn rate,La tasa de quema de fondos es crítica,NOUN,C1,2,1910,Burn rate becoming critical
business value,El valor de negocio justifica costos,NOUN,B2,3,4348,Business value justifies costs
business justification,La justificación del negocio es sólida,NOUN,C1,3,1026,Business justification is solid
budget,El presupuesto del proyecto se excedió,NOUN,B1,4,4626,Project budget exceeded
blocker,El bloqueador impide el progreso,NOUN,B2,1,1604,Blocker preventing progress
build,Construir el entregable requiere recursos,VERB,B1,3,4321,Build deliverable requires resources
bottleneck,El cuello de botella retrasó el entregable,NOUN,B2,2,2887,Bottleneck delayed deliverable
business impact,El impacto del negocio justifica inversión,NOUN,B2,4,2499,Business impact justifies investment
baseline,La línea base del proyecto fue aprobada,NOUN,B2,4,2829,Project baseline approved
bring forward,Se adelantó la reunión crítica,VERB,B2,2,1682,Critical meeting brought forward
business need,La necesidad del negocio impulsa el proyecto,NOUN,B2,3,4018,Business need drives project
burn-down chart,El gráfico burn-down muestra progreso,NOUN,C1,4,1049,Burn-down chart shows progress
build,Construir el entregable requiere recursos,VERB,B1,5,4502,Build deliverable requires resources
brainstorming,La sesión de lluvia de ideas generó soluciones,NOUN,B2,2,1635,Brainstorming generated solutions
bottleneck,El cuello de botella retrasó el entregable,NOUN,B2,2,2748,Bottleneck delayed deliverable
business requirement,El requisito de negocio cambió alcance,NOUN,B2,5,2806,Business requirement changed scope
blocker,El bloqueador impide el progreso,NOUN,B2,1,1698,Blocker preventing progress
budget,El presupuesto del proyecto se excedió,NOUN,B1,5,4588,Project budget exceeded
briefing,El briefing del proyecto fue claro,NOUN,B2,2,2753,Project briefing was clear
business requirement,El requisito de negocio cambió el alcance,NOUN,B2,5,3979,Business requirement changed scope
business process,El proceso de negocio se optimizó,NOUN,B2,5,3655,Business process optimized
business value,El valor de negocio justifica costos,NOUN,B2,4,4432,Business value justifies costs
briefing,El briefing del proyecto fue claro,NOUN,B2,1,2896,Project briefing was clear
briefing,El briefing del proyecto fue claro,NOUN,B2,1,2832,Project briefing was clear
business requirement,El requisito de negocio cambió el alcance,NOUN,B2,6,3828,Business requirement changed scope
build,Construir el entregable requiere recursos,VERB,B1,5,4393,Build deliverable requires resources
business analysis,El análisis de negocio define requisitos,NOUN,B2,5,2986,Business analysis defines requirements
business justification,La justificación del negocio es sólida,NOUN,C1,4,837,Business justification is solid
balanced scorecard,El balanced scorecard mide KPIs,NOUN,C1,3,1376,Balanced scorecard tracks KPIs
breakdown,La descomposición de tareas se completó,NOUN,B2,4,3459,Work breakdown completed
business need,La necesidad del negocio impulsa el proyecto,NOUN,B2,3,4061,Business need drives project
backlog,El backlog del sprint está priorizado,NOUN,B2,3,2427,Sprint backlog prioritized
buffer,El buffer de tiempo salvó el cronograma,NOUN,B2,1,2280,Time buffer saved schedule
business objective,El objetivo de negocio mide éxito,NOUN,B2,5,2280,Business objective measures success
bring forward,Se adelantó la reunión crítica,VERB,B2,4,1549,Critical meeting brought forward
burn-down chart,El gráfico burn-down muestra progreso,NOUN,C1,3,1081,Burn-down chart shows progress
business objective,El objetivo de negocio mide éxito,NOUN,B2,5,2170,Business objective measures success
brainstorm,Lluvia de ideas identificó riesgos,VERB,B2,1,2105,Brainstorm identified risks
brainstorming,La sesión de lluvia de ideas generó soluciones,NOUN,B2,1,1754,Brainstorming generated solutions
baseline,La línea base del proyecto fue aprobada,NOUN,B2,3,3032,Project baseline approved
build,Construir el entregable requiere recursos,VERB,B1,5,4499,Build deliverable requires resources
bottleneck,El cuello de botella retrasó el entregable,NOUN,B2,3,2799,Bottleneck delayed deliverable
best practice,Las mejores prácticas mejoran eficiencia,NOUN,B2,4,3078,Best practices improve efficiency
bottleneck,El cuello de botella retrasó el entregable,NOUN,B2,3,2780,Bottleneck delayed deliverable
business case,El caso de negocio justificó la inversión,NOUN,B2,5,3011,Business case justified investment
best practice,Las mejores prácticas mejoran eficiencia,NOUN,B2,2,3115,Best practices improve efficiency
bottleneck,El cuello de botella retrasó el entregable,NOUN,B2,2,2817,Bottleneck delayed deliverable
brainstorm,Lluvia de ideas identificó riesgos,VERB,B2,1,2224,Brainstorm identified risks
business need,La necesidad del negocio impulsa el proyecto,NOUN,B2,4,4017,Business need drives project
burn-down chart,El gráfico burn-down muestra progreso,NOUN,C1,2,1162,Burn-down chart shows progress
buffer,El buffer de tiempo salvó el cronograma,NOUN,B2,3,2096,Time buffer saved schedule
burn rate,La tasa de quema de fondos es crítica,NOUN,C1,3,1875,Burn rate becoming critical
business continuity,La continuidad del negocio es prioridad,NOUN,C1,3,1701,Business continuity is priority
blocker,El bloqueador impide el progreso,NOUN,B2,3,1685,Blocker preventing progress
budget,El presupuesto del proyecto se excedió,NOUN,B1,5,4546,Project budget exceeded
business need,La necesidad del negocio impulsa el proyecto,NOUN,B2,4,3904,Business need drives project
bulletin,El boletín informa cambios del proyecto,NOUN,B2,2,1274,Bulletin informs project changes
big picture,La visión general guía decisiones,NOUN,B2,3,2473,Big picture guides decisions
bring forward,Se adelantó la reunión crítica,VERB,B2,4,1683,Critical meeting brought forward
benefit,Los beneficios del proyecto superan costos,NOUN,B1,3,4496,Project benefits exceed costs
business value,El valor de negocio justifica costos,NOUN,B2,3,4322,Business value justifies costs
business need,La necesidad del negocio impulsa el proyecto,NOUN,B2,2,4074,Business need drives project
bottom-up,La estimación bottom-up es detallada,ADJ,C1,2,1102,Bottom-up estimation detailed
business need,La necesidad del negocio impulsa el proyecto,NOUN,B2,4,4050,Business need drives project
benchmark,El benchmark establece estándares,NOUN,B2,3,2041,Benchmark sets standards
business value,El valor de negocio justifica costos,NOUN,B2,3,4349,Business value justifies costs
business case,El caso de negocio justificó la inversión,NOUN,B2,5,2966,Business case justified investment
business process,El proceso de negocio se optimizó,NOUN,B2,4,3652,Business process optimized
breakdown,La descomposición de tareas se completó,NOUN,B2,4,3511,Work breakdown completed
benchmark,El benchmark establece estándares,NOUN,B2,1,1876,Benchmark sets standards
business justification,La justificación del negocio es sólida,NOUN,C1,5,906,Business justification is solid
briefing,El briefing del proyecto fue claro,NOUN,B2,1,2847,Project briefing was clear
business value,El valor de negocio justifica costos,NOUN,B2,4,4299,Business value justifies costs
business objective,El objetivo de negocio mide éxito,NOUN,B2,3,2190,Business objective measures success
big picture,La visión general guía decisiones,NOUN,B2,4,2432,Big picture guides decisions
business analysis,El análisis de negocio define requisitos,NOUN,B2,3,3120,Business analysis defines requirements
business process,El proceso de negocio se optimizó,NOUN,B2,4,3550,Business process optimized
business need,La necesidad del negocio impulsa el proyecto,NOUN,B2,3,3899,Business need drives project
burn-down chart,El gráfico burn-down muestra progreso,NOUN,C1,2,953,Burn-down chart shows progress
benefit,Los beneficios del proyecto superan costos,NOUN,B1,5,4354,Project benefits exceed costs
business objective,El objetivo de negocio mide éxito,NOUN,B2,3,2274,Business objective measures success
business case,El caso de negocio justificó la inversión,NOUN,B2,5,3005,Business case justified investment
business objective,El objetivo de negocio mide éxito,NOUN,B2,4,2092,Business objective measures success
big picture,La visión general guía decisiones,NOUN,B2,4,2300,Big picture guides decisions
bottleneck,El cuello de botella retrasó el entregable,NOUN,B2,2,2767,Bottleneck delayed deliverable
business objective,El objetivo de negocio mide éxito,NOUN,B2,5,2252,Business objective measures success
budget,El presupuesto del proyecto se excedió,NOUN,B1,6,4721,Project budget exceeded
business requirement,El requisito de negocio cambió alcance,NOUN,B2,6,2840,Business requirement changed scope
business case,El caso de negocio justificó la inversión,NOUN,B2,3,3171,Business case justified investment
benchmark,El benchmark establece estándares,NOUN,B2,1,1868,Benchmark sets standards
business analysis,El análisis de negocio define requisitos,NOUN,B2,4,3176,Business analysis defines requirements
bid,La oferta fue presentada a tiempo,NOUN,B2,3,2139,Bid submitted on time
blocker,El bloqueador impide el progreso,NOUN,B2,1,1718,Blocker preventing progress
business need,La necesidad del negocio impulsa el proyecto,NOUN,B2,3,3936,Business need drives project
business impact,El impacto del negocio justifica inversión,NOUN,B2,2,2543,Business impact justifies investment
brainstorm,Lluvia de ideas identificó riesgos,VERB,B2,3,2209,Brainstorm identified risks
best practice,Las mejores prácticas mejoran eficiencia,NOUN,B2,3,3119,Best practices improve efficiency
big picture,La visión general guía decisiones,NOUN,B2,3,2374,Big picture guides decisions
breakdown,La descomposición de tareas se completó,NOUN,B2,2,3500,Work breakdown completed
business requirement,El requisito de negocio cambió alcance,NOUN,B2,5,2917,Business requirement changed scope
bid,La oferta fue presentada a tiempo,NOUN,B2,3,2054,Bid submitted on time
backlog,El backlog del sprint está priorizado,NOUN,B2,4,2438,Sprint backlog prioritized
brainstorming,La sesión de lluvia de ideas generó soluciones,NOUN,B2,2,1611,Brainstorming generated solutions
benchmark,El benchmark establece estándares,NOUN,B2,3,1957,Benchmark sets standards
business requirement,El requisito de negocio cambió alcance,NOUN,B2,4,2818,Business requirement changed scope
business continuity,La continuidad del negocio es prioridad,NOUN,C1,4,1735,Business continuity is priority
bring forward,Se adelantó la reunión crítica,VERB,B2,4,1676,Critical meeting brought forward
business analysis,El análisis de negocio define requisitos,NOUN,B2,3,2961,Business analysis defines requirements
business impact,El impacto del negocio justifica inversión,NOUN,B2,3,2489,Business impact justifies investment
benefit,Los beneficios del proyecto superan costos,NOUN,B1,3,4366,Project benefits exceed costs
bring forward,Se adelantó la reunión crítica,VERB,B2,3,1687,Critical meeting brought forward
backlog,El backlog del sprint está priorizado,NOUN,B2,2,2449,Sprint backlog prioritized
business case,El caso de negocio justificó la inversión,NOUN,B2,3,3029,Business case justified investment
business objective,El objetivo de negocio mide éxito,NOUN,B2,5,2218,Business objective measures success
buffer,El buffer de tiempo salvó el cronograma,NOUN,B2,1,2236,Time buffer saved schedule
briefing,El briefing del proyecto fue claro,NOUN,B2,2,2775,Project briefing was clear
backlog,El backlog del sprint está priorizado,NOUN,B2,3,2416,Sprint backlog prioritized
business continuity,La continuidad del negocio es prioridad,NOUN,C1,5,1654,Business continuity is priority
balanced scorecard,El balanced scorecard mide KPIs,NOUN,C1,3,1330,Balanced scorecard tracks KPIs
business need,La necesidad del negocio impulsa el proyecto,NOUN,B2,3,3846,Business need drives project
benefit,Los beneficios del proyecto superan costos,NOUN,B1,4,4275,Project benefits exceed costs
bring forward,Se adelantó la reunión crítica,VERB,B2,2,1702,Critical meeting brought forward
business impact,El impacto del negocio justifica inversión,NOUN,B2,2,2386,Business impact justifies investment
budget,El presupuesto del proyecto se excedió,NOUN,B1,5,4686,Project budget exceeded
brainstorming,La sesión de lluvia de ideas generó soluciones,NOUN,B2,3,1664,Brainstorming generated solutions
business objective,El objetivo de negocio mide éxito,NOUN,B2,3,2080,Business objective measures success
blocker,El bloqueador impide el progreso,NOUN,B2,3,1752,Blocker preventing progress
burn-down chart,El gráfico burn-down muestra progreso,NOUN,C1,3,1006,Burn-down chart shows progress
benchmark,El benchmark establece estándares,NOUN,B2,2,1826,Benchmark sets standards
bid,La oferta fue presentada a tiempo,NOUN,B2,2,2069,Bid submitted on time
budget,El presupuesto del proyecto se excedió,NOUN,B1,5,4749,Project budget exceeded
budget,El presupuesto del proyecto se excedió,NOUN,B1,4,4528,Project budget exceeded
business value,El valor de negocio justifica costos,NOUN,B2,3,4360,Business value justifies costs
business requirement,El requisito de negocio cambió alcance,NOUN,B2,5,2760,Business requirement changed scope
business continuity,La continuidad del negocio es prioridad,NOUN,C1,3,1637,Business continuity is priority
brainstorming,La sesión de lluvia de ideas generó soluciones,NOUN,B2,1,1780,Brainstorming generated solutions
business case,El caso de negocio justificó la inversión,NOUN,B2,3,3014,Business case justified investment
business continuity,La continuidad del negocio es prioridad,NOUN,C1,4,1821,Business continuity is priority
brainstorming,La sesión de lluvia de ideas generó soluciones,NOUN,B2,2,1648,Brainstorming generated solutions
business requirement,El requisito de negocio cambió el alcance,NOUN,B2,6,3980,Business requirement changed scope
briefing,El briefing del proyecto fue claro,NOUN,B2,1,2787,Project briefing was clear
big picture,La visión general guía decisiones,NOUN,B2,3,2320,Big picture guides decisions
baseline,La línea base del proyecto fue aprobada,NOUN,B2,4,3074,Project baseline approved
buffer,El buffer de tiempo salvó el cronograma,NOUN,B2,1,2105,Time buffer saved schedule
best practice,Las mejores prácticas mejoran eficiencia,NOUN,B2,4,3057,Best practices improve efficiency
brainstorm,Lluvia de ideas identificó riesgos,VERB,B2,1,2272,Brainstorm identified risks
bulletin,El boletín informa cambios del proyecto,NOUN,B2,3,1422,Bulletin informs project changes
business analysis,El análisis de negocio define requisitos,NOUN,B2,4,2992,Business analysis defines requirements
brainstorming,La sesión de lluvia de ideas generó soluciones,NOUN,B2,3,1697,Brainstorming generated solutions
budget,El presupuesto del proyecto se excedió,NOUN,B1,5,4623,Project budget exceeded
business requirement,El requisito de negocio cambió alcance,NOUN,B2,4,2777,Business requirement changed scope
business justification,La justificación del negocio es sólida,NOUN,C1,3,873,Business justification is solid
breakdown,La descomposición de tareas se completó,NOUN,B2,2,3466,Work breakdown completed
brainstorming,La sesión de lluvia de ideas generó soluciones,NOUN,B2,3,1684,Brainstorming generated solutions
brainstorm,Lluvia de ideas identificó riesgos,VERB,B2,2,2084,Brainstorm identified risks
bulletin,El boletín informa cambios del proyecto,NOUN,B2,1,1219,Bulletin informs project changes
balanced scorecard,El balanced scorecard mide KPIs,NOUN,C1,2,1184,Balanced scorecard tracks KPIs
build,Construir el entregable requiere recursos,VERB,B1,4,4278,Build deliverable requires resources
baseline,La línea base del proyecto fue aprobada,NOUN,B2,3,2938,Project baseline approved
bottom-up,La estimación bottom-up es detallada,ADJ,C1,2,1035,Bottom-up estimation detailed
business analysis,El análisis de negocio define requisitos,NOUN,B2,4,3116,Business analysis defines requirements
brainstorming,La sesión de lluvia de ideas generó soluciones,NOUN,B2,2,1810,Brainstorming generated solutions
blocker,El bloqueador impide el progreso,NOUN,B2,2,1650,Blocker preventing progress
business analysis,El análisis de negocio define requisitos,NOUN,B2,4,3063,Business analysis defines requirements
business process,El proceso de negocio se optimizó,NOUN,B2,5,3461,Business process optimized
budget,El presupuesto del proyecto se excedió,NOUN,B1,4,4730,Project budget exceeded
bulletin,El boletín informa cambios del proyecto,NOUN,B2,3,1197,Bulletin informs project changes
best practice,Las mejores prácticas mejoran eficiencia,NOUN,B2,2,3154,Best practices improve efficiency
burn rate,La tasa de quema de fondos es crítica,NOUN,C1,3,1853,Burn rate becoming critical
business continuity,La continuidad del negocio es prioridad,NOUN,C1,4,1818,Business continuity is priority
balanced scorecard,El balanced scorecard mide KPIs,NOUN,C1,2,1261,Balanced scorecard tracks KPIs
big picture,La visión general guía decisiones,NOUN,B2,2,2510,Big picture guides decisions
benchmark,El benchmark establece estándares,NOUN,B2,3,1955,Benchmark sets standards
burn rate,La tasa de quema de fondos es crítica,NOUN,C1,3,1934,Burn rate becoming critical
build,Construir el entregable requiere recursos,VERB,B1,3,4424,Build deliverable requires resources
build,Construir el entregable requiere recursos,VERB,B1,5,4284,Build deliverable requires resources
blocker,El bloqueador impide el progreso,NOUN,B2,3,1790,Blocker preventing progress
business process,El proceso de negocio se optimizó,NOUN,B2,5,3461,Business process optimized
business need,La necesidad del negocio impulsa el proyecto,NOUN,B2,3,3940,Business need drives project
balanced scorecard,El balanced scorecard mide KPIs,NOUN,C1,3,1190,Balanced scorecard tracks KPIs
benchmark,El benchmark establece estándares,NOUN,B2,3,1828,Benchmark sets standards
business impact,El impacto del negocio justifica inversión,NOUN,B2,4,2405,Business impact justifies investment
bulletin,El boletín informa cambios del proyecto,NOUN,B2,2,1334,Bulletin informs project changes
business objective,El objetivo de negocio mide éxito,NOUN,B2,4,2296,Business objective measures success
bottom-up,La estimación bottom-up es detallada,ADJ,C1,1,1043,Bottom-up estimation detailed
business objective,El objetivo de negocio mide éxito,NOUN,B2,3,2297,Business objective measures success
best practice,Las mejores prácticas mejoran eficiencia,NOUN,B2,3,3173,Best practices improve efficiency
business impact,El impacto del negocio justifica inversión,NOUN,B2,4,2312,Business impact justifies investment
business requirement,El requisito de negocio cambió el alcance,NOUN,B2,6,4075,Business requirement changed scope
business requirement,El requisito de negocio cambió alcance,NOUN,B2,6,2752,Business requirement changed scope
baseline,La línea base del proyecto fue aprobada,NOUN,B2,5,3052,Project baseline approved
brainstorming,La sesión de lluvia de ideas generó soluciones,NOUN,B2,1,1718,Brainstorming generated solutions
build,Construir el entregable requiere recursos,VERB,B1,4,4285,Build deliverable requires resources
business objective,El objetivo de negocio mide éxito,NOUN,B2,5,2250,Business objective measures success
baseline,La línea base del proyecto fue aprobada,NOUN,B2,3,3042,Project baseline approved
blocker,El bloqueador impide el progreso,NOUN,B2,3,1722,Blocker preventing progress
burn rate,La tasa de quema de fondos es crítica,NOUN,C1,2,2054,Burn rate becoming critical
bulletin,El boletín informa cambios del proyecto,NOUN,B2,1,1211,Bulletin informs project changes
bring forward,Se adelantó la reunión crítica,VERB,B2,3,1694,Critical meeting brought forward
backlog,El backlog del sprint está priorizado,NOUN,B2,3,2333,Sprint backlog prioritized
bid,La oferta fue presentada a tiempo,NOUN,B2,2,2121,Bid submitted on time
benefit,Los beneficios del proyecto superan costos,NOUN,B1,3,4287,Project benefits exceed costs
benefit,Los beneficios del proyecto superan costos,NOUN,B1,3,4501,Project benefits exceed costs
business case,El caso de negocio justificó la inversión,NOUN,B2,3,3022,Business case justified investment